patient_id,first_name,last_name,dob,age,gender,phone,email,city
84be8698-68cf-43ad-8afb-82e6ef127351,Laura,Wagner,4/22/27,97,Male,(211) 295-9063,palmergary@williams-chavez.com,Lake Angela
d168883e-1825-42a7-bfac-74dc7a4d5408,Billy,Yang,8/6/27,97,Male,(971) 185-8567,gbrown@todd.com,Collinsburgh
3c2c3b79-d1d3-4842-8299-4aaca7442213,Amanda,Williamson,5/21/04,20,Other,(708) 228-7107,candace79@yahoo.com,East Emilyshire
efc61209-67c8-4231-815c-4c203e605ef9,Sean,Chavez,8/12/74,50,Male,(492) 477-1536,qrosales@cline.com,South Matthewmouth
1aa4c7df-7425-4cb0-b946-09cb38a99850,Brian,Brown,12/27/42,82,Male,(241) 832-3072,clarkbryce@hotmail.com,Joshuamouth
22102138-39ab-488c-ae97-a387c80d26fe,Chad,Kirk,7/15/16,8,Female,(414) 866-8782,sullivankeith@acevedo-kelly.biz,Murphychester
566ed50d-262b-4dfa-9bfe-5170b4653e27,Kenneth,Wolfe,3/11/15,9,Other,(299) 525-7015,veronica35@stanton.info,New Leslie
8af88de3-d066-4f37-904b-8e83dca24142,Billy,Frazier,9/21/69,55,Male,(988) 776-2653,andersonthomas@gibson.org,Lake Heather
f51032f1-8dcd-403d-978e-9f33fb30f97a,Michael,Velazquez,8/24/50,74,Female,(975) 693-5286,karla81@jacobs.info,Joneshaven
3a858c4b-1db6-4913-8e38-566276d282a4,Teresa,Jackson,7/22/78,46,Female,(471) 163-5501,ashleysavage@gmail.com,Castanedaview
29cefb06-10a5-4be7-aff2-bfe2621c41f8,David,Leach,7/29/00,24,Female,(178) 113-3227,melissarivera@hotmail.com,South Ana
96ec9afd-1a7c-4fc4-b5a8-ff4260e228b0,Jeffrey,Jones,2/18/67,57,Other,(424) 476-8162,josephmooney@cabrera.com,Melissahaven
cc27b1df-ea50-4d7c-8b65-041699330801,Frank,Dalton,11/19/19,5,Female,(926) 646-7934,zcopeland@adams.org,Holmesfurt
ab64e2f8-0a47-4c1e-8115-99773e8c927c,Jesus,Tate,2/23/11,13,Male,(790) 626-9938,lori37@barry-gonzales.com,Pottston
ce4711e8-a4a9-4861-980c-531edecfbe64,Alexandra,Sexton,3/16/30,94,Male,(447) 615-6626,taylor80@west.biz,New Erikachester
a887052a-b006-47a4-aec4-e7ff17a07f46,Mary,Martinez,6/17/84,40,Male,(646) 263-7932,ianmiller@johnson-eaton.com,West Jessica
32dfe142-c189-4070-a91c-34f11f6eb378,Michael,Porter,9/14/32,92,Other,(881) 452-5711,carolinejohnson@gmail.com,North Alyssatown
5f3ab0cc-0d8d-4d6d-8889-d4d5b906c65c,Nicholas,Harper,11/14/74,50,Male,(394) 796-9171,yhudson@hotmail.com,Sarahland
b42f2672-8caa-40e9-ac23-34ee9519db81,Stephen,Ward,11/30/91,33,Other,(657) 808-3576,georgebecker@hotmail.com,Smithhaven
e567df4a-8732-4a61-804d-530d32fcb754,Mary,Nelson,1/31/85,39,Other,(123) 311-8905,qlopez@hampton.org,Jocelynhaven
1f0c6459-dc55-4e16-88b4-710ff11e2a9a,Rebecca,Berg,8/9/89,35,Other,(756) 893-4215,rodriguezmichael@li-williams.com,Duranton
7c3b20bd-f6cd-409e-bd35-6d0119432250,Lee,Roth,7/31/08,16,Male,(888) 939-9052,qsimmons@yahoo.com,Aaronside
712f5cfa-0246-4dee-b2b5-3730a5f2208a,Derek,Guerra,11/10/36,88,Male,(767) 241-5350,mhull@miller.com,North Jeffreyfurt
480354e4-37fd-4865-a62f-5f38bf4451c9,Shawn,Hernandez,6/18/95,29,Male,(830) 167-7119,solomonjason@pratt.info,New Josebury
ca386c5f-8ef7-4484-9b9f-a48b392dcba7,Emily,Davidson,11/16/90,34,Male,(509) 752-7719,howellkatie@morse.biz,Lake Markstad
4301652b-d6f7-492b-af79-a608bc2dd49c,Carlos,Walton,5/23/79,45,Female,(196) 445-7310,janice74@jones.com,Port Rhondaburgh
ce7af112-7fe0-4e82-8765-5375e27d7622,Jacqueline,Marshall,4/6/75,49,Female,(723) 665-2630,rachel17@bell.com,Lake Jerry
f0fd1352-da43-4833-b704-6e2ec75b01dc,Carla,Smith,7/23/53,71,Male,(137) 797-8838,mariaroach@hotmail.com,Reevesbury
0f81db6a-df57-466f-a963-337ba7254e3d,Eric,Nguyen,8/3/97,27,Female,(751) 938-7040,kyle27@cunningham.biz,North Patricia
68ecf3a6-87aa-47b3-b020-fee45501c4dd,Rebecca,Clark,4/27/13,11,Male,(688) 350-1326,aliciajones@alexander.com,Catherineborough
b000370b-853d-4aa8-b79b-75cb7fd5eb61,Sandra,Ramsey,1/25/95,29,Female,(733) 681-8767,jennifer64@flynn.com,Reillyburgh
91922d14-d15a-4f51-b47c-474fd15888c7,Chelsea,Barrera,11/15/80,44,Female,(675) 247-8830,melissa78@bell.org,Beverlyside
c39946d9-9432-4ba2-bf8d-3556af218b79,Jennifer,Osborne,12/17/28,96,Other,(185) 324-7442,schen@yahoo.com,Leahborough
62258d2d-f089-42cb-b956-0b0073be678e,Christine,Allen,3/4/92,32,Female,(187) 148-2295,tracey66@hotmail.com,Debrabury
b81585a0-837b-4686-b0fb-e2e1dc593b28,Jesse,Weber,6/2/81,43,Male,(348) 152-5402,harrissteven@hotmail.com,South Vanessa
27ed939a-6856-4882-a1ce-c4d7bda03ccf,Justin,Mullen,6/16/93,31,Other,(993) 396-9061,annettecarter@dennis-miller.com,Kevinfurt
57f56775-99ca-4c2e-bceb-286493fcff77,Nicholas,Davis,5/17/46,78,Female,(712) 399-8834,rdavis@robinson.org,South Garyville
1fbbbeb2-b425-413f-8645-38c23c381087,Regina,Meyer,11/16/49,75,Male,(587) 569-3181,brandy13@yahoo.com,North Alice
c7c3070d-860c-4977-ae75-e3d36f99d403,Brandon,Schneider,4/9/22,2,Female,(188) 533-3529,lfields@hotmail.com,North Ann
6db0b654-b951-436c-aa61-42891ab3705b,Ivan,Lynch,3/1/95,29,Female,(305) 196-1657,frances65@nelson-duncan.info,Port Jason
0e5962e6-2294-453d-bbf2-4b0dbdfeaf3a,Melissa,Villarreal,8/1/21,3,Male,(976) 825-8660,velazquezjesse@gmail.com,Michaelside
d9fb16fc-0c9b-4135-91a0-102968b6da28,Joy,Evans,11/22/61,63,Female,(558) 409-2461,ethanellis@gmail.com,Port Megan
a15640ad-844d-4775-bf7d-e11e5b9fd458,Maria,Williams,11/29/26,98,Male,(455) 314-5310,keith22@henry-davis.net,Dianabury
c24dc988-a920-4ce2-86d7-bb4624442247,John,Curry,4/26/19,5,Other,(742) 906-6649,carrollnicole@hotmail.com,Halemouth
474d035a-c4f2-4f42-aa46-42bcd350ecbc,Austin,Olson,9/28/85,39,Female,(366) 872-7800,shelbyramos@escobar.org,Travisport
9400651f-9665-4967-8c48-08ea84479ca6,Jose,Burns,12/21/94,30,Male,(577) 208-8154,amycantrell@hotmail.com,Evansbury
f40e8ffc-60e5-418b-a14c-75c6f718e357,Angela,Chen,8/29/03,21,Female,(228) 382-5848,jennifer85@turner.info,Lake Timothy
396b4c2c-6b81-40f5-9111-d0c8e4a53eb2,Patricia,Wise,3/14/70,54,Female,(727) 644-7707,stephensstephen@swanson-park.com,West Larryland
4d1517f4-af72-4cc6-b69a-10b181398009,Jeffrey,Alexander,6/3/71,53,Male,(193) 291-8189,thomaslance@hotmail.com,Port Lucas
c2909753-69c0-4c22-a9e8-0e54f02cb177,Kelly,Bridges,5/4/15,9,Other,(471) 241-5622,john45@white-mendoza.info,Tylerton
4f96be81-5958-4b05-863a-7a41555b43f7,Dawn,Andrews,1/2/85,40,Male,(595) 251-5710,catherinerogers@yahoo.com,Kevinhaven
54c0630b-1069-467c-9dcc-a766c3e56bc5,Kristen,Spencer,7/22/38,86,Other,(148) 459-9212,peter69@yahoo.com,Walkerland
e3157a6d-1339-4051-b455-327e829ad23d,Sandra,Young,7/2/32,92,Male,(215) 686-8084,schultzcarlos@smith.net,Port Seanport
66cccc0d-e142-4a8c-aff5-0a31e24d8750,Nicholas,Rios,7/3/88,36,Male,(364) 465-7448,uwilliams@terrell.com,North Lauren
e8931b48-0e20-44f6-924c-df6829e4ff54,Richard,Brooks,12/19/92,32,Other,(407) 123-3157,anthony04@gmail.com,North Michellechester
f3d2d771-d560-417a-9b47-3a73eec8c05e,Nancy,Molina,1/14/49,76,Female,(717) 460-4954,dannytucker@davis.info,Rachelside
5933aca3-aa52-42a4-8415-30a577f39025,Joseph,Chang,12/29/04,20,Female,(851) 287-9595,fernando05@nichols.com,North Carrie
f2280426-9a12-473a-a38e-d987bdc4a50c,James,Perez,12/20/70,54,Male,(393) 807-2268,taylortimothy@blevins.com,Port Peggybury
77b450b6-d0d6-4e2c-8194-5fc212bbbc03,Jorge,Flynn,6/15/88,36,Other,(100) 704-9606,srangel@gmail.com,Glassland
195fab09-cc2c-460a-8d5e-cc7bd8f8b43f,Brandon,Ruiz,1/30/47,78,Other,(646) 355-5249,levyjessica@warren.com,New Bryanview
02d44210-2791-42f2-9528-3fb08d1f4e75,Taylor,Young,5/21/22,2,Female,(402) 525-1017,aprilbell@gmail.com,New Megan
a7607fd0-e733-47cf-a221-bbae41f2313c,Linda,Edwards,9/13/33,91,Female,(338) 362-4026,estradalori@jones-acosta.com,Lake Williamhaven
9776c0ac-a96a-4555-baf1-b3b0a18f0530,Taylor,Jackson,9/3/55,69,Male,(719) 910-5318,tyleroscar@ryan.com,New Joan
c7a57106-292f-4247-9c58-132c6221a6dd,Billy,Evans,9/4/46,78,Female,(990) 612-4548,ianbecker@hotmail.com,East Steventon
cb14b571-4754-4012-a070-60c054b3260b,Nathan,Moreno,12/18/85,39,Other,(662) 197-2096,heathermartinez@yahoo.com,South Rebecca
4ffff5e9-1ec3-42b4-b8ef-947651f4f32d,Matthew,Hawkins,5/31/77,47,Male,(790) 618-6725,bakerkimberly@hotmail.com,East Eric
09a2a183-4c30-4821-b1eb-bf938a8cae3d,Adam,Thompson,4/19/33,91,Female,(257) 513-9112,middletonjennifer@yahoo.com,North Abigailside
dc3a36e6-a2fb-4e1e-b047-423ff5bef2c4,Darlene,West,1/1/66,59,Male,(860) 278-9821,yskinner@gmail.com,Lindseychester
fb9725be-432d-4a4c-8e37-b985612f0a6b,Nathan,Brown,9/18/24,100,Other,(806) 805-3614,fthomas@graves.com,West Michaelfort
48a5ffc4-1fd2-4fe6-8578-0277e65081c3,Melissa,Jackson,3/15/88,36,Male,(167) 377-3041,bblair@yahoo.com,South Lauraside
19c4991c-a8d8-4220-aace-b550c39e3928,Barbara,Rodriguez,12/10/16,8,Male,(599) 903-9094,nicholas42@wilson.com,West Anthony
e2b2943c-d286-4a60-b61d-cec398764db5,Jennifer,Mcdonald,7/12/63,61,Male,(490) 650-2107,williamsrachel@hotmail.com,Davisport
17bcf86b-d16d-4059-8a0d-43f3ce6d4684,Cynthia,Tucker,1/10/09,16,Male,(823) 589-2161,projas@gmail.com,Pricestad
c0da4ff0-0108-46af-9e19-212e950ca890,Larry,Spencer,8/1/51,73,Female,(508) 411-2906,cynthia37@yahoo.com,Campbellfurt
5f21dd6a-9875-4f69-8334-59358b4d20c1,Kayla,Hamilton,2/28/75,49,Female,(814) 539-8380,williamsonedward@ramirez.biz,Port Mark
6d1d54c9-f2ab-4c4f-80f0-0edd14d3e23d,Adam,Proctor,7/16/02,22,Female,(107) 507-3677,igentry@williams-garcia.net,Sierrashire
34346444-23d1-48e1-a672-394189c2c869,Christina,Ryan,12/25/82,42,Female,(990) 825-2971,tara27@johnson-allen.com,East Amberbury
165a5727-3467-4acc-b6ec-58a4022f33f0,Brian,Taylor,1/15/77,48,Male,(837) 872-2541,crosbymindy@lucas.com,Michaeltown
84438009-03cb-414f-9ec6-3b721fa534c2,Amanda,Hudson,1/22/61,64,Female,(179) 101-1405,anthonyramirez@yahoo.com,East Jasonside
6a14dae3-582d-4399-bbc7-1e371238b48d,Jonathan,Moody,1/22/82,43,Male,(481) 633-1849,kevinbailey@wilson.com,Lake Tiffany
ecf00b9f-291e-4802-9689-06a5850f0597,Robin,Richards,4/28/13,11,Female,(574) 194-4632,davidbowen@humphrey.com,Blevinsside
48b14ab0-8a0c-4596-87d3-4217e6a3492c,Michael,Dickson,4/30/00,24,Other,(113) 356-6622,danalogan@miranda-martin.com,Grimesside
c0e0a583-1732-4018-a62c-79b3aafdfb78,Danielle,Pena,4/25/24,0,Female,(503) 783-2257,proach@rivera.info,Brownside
ea2869af-c542-47b2-a371-09e543dd30bf,Kristen,Fisher,5/6/12,12,Female,(746) 369-8744,myerssamantha@hotmail.com,West Peterport
9382d37b-799a-4216-b913-1e4acc6b777a,Lisa,Garcia,2/8/22,2,Female,(926) 156-9255,lori61@hotmail.com,West Danielleberg
4cf9f671-bfb0-4b8a-b9e7-7bcc9207a5b4,Amber,Smith,2/14/13,11,Male,(842) 496-7100,christopher34@gmail.com,Johnsonfort
0480e7d3-3890-4db8-9134-3f2eea169dbf,David,Evans,10/1/44,80,Other,(300) 695-8088,james35@abbott-ross.com,Stewartborough
3f44cd8a-d710-4ece-b2d5-5c179701364f,Ryan,Moore,4/14/41,83,Male,(447) 894-3286,vanessacruz@yahoo.com,North Stephanie
f2544b1f-8456-4d12-b1fb-1b690fb2a733,Brandy,Patterson,5/22/02,22,Male,(651) 960-2331,uchang@gmail.com,Port Tina
26358515-62bf-40d3-b68d-52727a476890,Carmen,Wilson,1/3/47,78,Male,(318) 646-6537,matthewstevens@rodriguez.com,New Brittneyside
dd4c674a-7958-4cf3-8016-7e8da7275ef2,Gary,Cook,12/18/29,95,Other,(655) 677-3160,christian13@yahoo.com,West Jaimeberg
b8f7252a-b540-4271-8ba0-968cae916869,Brandon,Paul,2/19/23,1,Male,(588) 456-9505,joshuamann@hotmail.com,Brianton
38a21b88-cb6b-4e3f-852e-a0b013abf771,Nancy,Bradley,10/21/59,65,Male,(539) 310-4877,marie45@hotmail.com,East Zacharyfurt
7f111aa3-0ab4-48ff-a818-302b995b94e9,Lindsey,Williams,3/15/35,89,Female,(998) 189-8020,nmartin@coleman-smith.com,Katiehaven
84e7072e-eb94-4d6f-8e11-45c66524e6c7,Hector,Duncan,4/7/87,37,Other,(197) 172-4518,wileyrebecca@hotmail.com,Erinville
973ddc36-a1e4-4e50-bdb5-63d425dc0298,Joseph,Williams,5/13/12,12,Female,(789) 430-2501,christopher82@yahoo.com,Karenfort
2feffc82-6e36-4c08-8093-661b145227eb,Nathan,Smith,4/24/03,21,Male,(192) 216-7145,hansenchristopher@yahoo.com,New Kevinland
3550cb5e-91a9-4b0d-961e-0d4bb36576af,Barbara,Sandoval,7/1/56,68,Male,(666) 384-9846,garrettcox@yahoo.com,Traceyport
47374039-07c2-4fbf-bf6f-1ab4f45ce511,Aaron,Cooper,7/5/13,11,Male,(689) 744-8282,eric52@yahoo.com,Lake Andreafurt
5009864d-1e0c-4c97-ad96-9bd5392dd128,Julie,Meyers,2/3/75,49,Female,(263) 396-5685,francis50@murphy.com,Sonyachester
4a041edf-d26a-4f0e-ab87-ff9862614ea5,Michele,Wiggins,2/4/18,6,Other,(973) 314-4883,gperry@lopez.com,Millerfurt
dda20287-3936-4b8a-81a1-84d3f2aeca8c,Chad,Chapman,2/27/21,3,Male,(470) 189-7818,williamskenneth@yahoo.com,South Elizabeth
3551f35b-c8b0-4cd6-8364-3000e793a702,John,Green,6/7/54,70,Other,(887) 791-2551,antonio33@cameron.com,South Robertaburgh
825e1be7-b84b-49d6-9db5-5402390b7831,Bethany,Ortiz,1/2/41,84,Other,(676) 550-8148,asantana@gmail.com,Kimberlyhaven
c4e6569e-b845-43a8-8b7f-fdd59d98fc3d,Caleb,Roberts,1/30/87,37,Other,(486) 177-7532,lhenderson@hotmail.com,South Terranceview
d76b1ce4-6b2e-4b13-b54e-149e576a06f1,Nathan,Bailey,10/6/84,40,Female,(159) 716-3969,bobsantos@gmail.com,Lucaston
b615ce06-3797-47d4-8f44-618437bb7b10,Mariah,Barnett,7/15/61,63,Male,(303) 269-8567,proberts@smith.org,Griffithmouth
a91b731c-a3a4-40b4-a1e6-83aa5154bef4,Sheri,Huang,4/24/00,24,Other,(407) 597-8452,lauragreen@yahoo.com,North Bretttown
8fabc3e6-d079-423f-b334-699379bfe588,Amanda,Rodriguez,10/27/94,30,Other,(709) 382-3372,halvarez@knox-estrada.org,Stevenview
fda4e32d-05da-4bc3-8498-73c2c94c63f5,Karen,Serrano,6/30/48,76,Other,(112) 501-4977,jesse00@white-ramirez.com,Lake Sharon
6184ff16-68c5-45ec-83d0-90d24d1d8def,Melanie,Johnson,12/6/74,50,Male,(112) 733-7220,donaldbecker@hotmail.com,Moniqueland
c5f5585c-e3a5-46f8-a7d1-0be095730365,Tina,Strong,10/14/69,55,Male,(568) 611-6887,deanna67@kim.net,Valdezfurt
16b4c4a9-c0ee-4295-9d5f-5a33a40656a8,Timothy,Rodriguez,9/14/91,33,Other,(585) 850-2642,troypadilla@hotmail.com,Peterland
f2afb10c-2ae4-48dd-92a2-d8668b5ceb37,Austin,Sanford,3/19/35,89,Male,(426) 573-5433,cynthia83@hotmail.com,North Christopher
1b3b5132-0996-4ad2-94f8-991dd9fdb871,Jennifer,Martinez,1/24/98,26,Male,(358) 131-1373,michaelcollier@bennett.org,Mcintyrefurt
a68628b5-cf21-440a-b15a-7d7cf47c97e8,Bryan,Potter,12/2/78,46,Male,(948) 350-7409,lhubbard@yahoo.com,Watkinsport
a54c472d-69a9-4fbf-8884-5760649b85b8,Darrell,Bernard,11/4/63,61,Other,(373) 683-2349,knorman@shelton.com,North Brenda
fce77623-3d76-4fe5-9df4-6f5e468fed4c,Heather,Henderson,1/11/67,58,Male,(572) 643-8530,johnmoody@erickson.info,West Ashley
d49e1b9b-65d7-46e0-b17c-a2f43ed24a8d,Donna,Walker,5/22/87,37,Female,(721) 262-9483,pnewton@rodriguez.com,New Dawnbury
3b65b18c-0a64-4945-bf00-6587ec2ee7ef,Shane,Hall,11/6/19,5,Male,(277) 486-5623,smithalexis@carson.info,Castroton
05665195-6951-4450-9521-cb80023a697d,James,Kirk,9/29/90,34,Female,(763) 887-1140,franklincarol@villarreal-gill.org,Philipfort
49409b8f-7809-4250-8b91-fd9dea071927,Matthew,Christian,12/6/62,62,Other,(262) 835-5192,michele94@hotmail.com,Evansport
2036a31f-fdf9-4ac0-8874-9ef222b2bd3d,Christina,Jones,5/6/58,66,Female,(828) 882-1333,stephaniebell@gmail.com,Lake Tyler
140268d8-7034-420e-be23-d91c5cae3bc7,Robyn,Chen,5/13/37,87,Female,(287) 629-4535,thomassantos@anderson.com,New Carloschester
bbe6e673-7dc6-4260-80ba-cdb519b99134,John,Williams,11/12/66,58,Male,(936) 428-5397,jensenronald@yahoo.com,Morrisport
208c839d-5bd6-43f1-a73e-2c86606d7e43,Michael,Anderson,3/20/23,1,Other,(100) 472-2645,kristahaney@nicholson-snyder.com,Haroldland
1598e976-430a-45de-9634-7ae803b8d438,Matthew,Smith,12/27/81,43,Male,(408) 925-8175,fperez@yahoo.com,Amandaland
596acb35-c539-4e33-b94d-be6edd8d2095,Patricia,Petty,12/9/14,10,Male,(708) 845-4320,pateldavid@weaver.com,Anthonyview
45286ae5-8f56-4fa2-9765-c78145c2419e,Timothy,Stone,4/14/19,5,Male,(946) 361-9171,pattersonronald@hotmail.com,Port Paige
965276d1-7b74-4d16-a540-42f34c2bec42,Sharon,Murphy,10/30/41,83,Male,(699) 562-9342,peterhendricks@vang-franco.com,East James
e636129e-9dec-4fa2-820d-f6207641e1f3,Ashley,Valentine,10/30/52,72,Other,(998) 926-3149,kelleykaren@yahoo.com,South Jeffrey
bd2cc455-eb07-403f-8d9c-1ad8e2816f46,Robert,Vasquez,2/29/68,56,Other,(794) 119-1382,nsteele@lowery.com,Woodsburgh
20f2946f-c995-4a8c-87ca-993a156cdc5e,Heather,Hayes,7/19/04,20,Female,(393) 645-1281,josephpena@hotmail.com,South Davidburgh
ed732c7e-8fb8-43f2-9729-fb543bb5be3e,Benjamin,Li,2/11/48,76,Other,(784) 282-3675,rlindsey@yahoo.com,Robertsonside
94bcdec8-4348-4fd1-883a-e1e56fb5e430,Randy,Duncan,9/30/25,99,Male,(259) 963-9023,bgonzales@gmail.com,Johnview
3f2a1173-0b7f-4755-ab51-8af888ddbbf4,Alexander,Carpenter,5/3/26,98,Female,(460) 953-3256,andre00@lee-ryan.org,Garcialand
2da498c8-ce9c-41b9-b124-8513106ea071,Yvonne,Garcia,1/31/36,89,Female,(438) 167-5946,pwhite@miller-hudson.biz,Williamsburgh
3c70ce58-b975-48b1-8b07-a5fb303aa0cb,Mary,Tucker,2/27/77,47,Other,(535) 277-7856,psmith@nelson-jones.net,Kinghaven
3754d7f5-d1a2-4430-be24-b72a0dc41107,Amy,Wood,4/16/08,16,Other,(647) 635-6056,theresahawkins@miller-villegas.org,Nelsonfort
785d10c8-2153-4313-a047-4daa018d0c0c,Laura,Snyder,7/21/76,48,Other,(420) 250-1216,thomasamanda@yahoo.com,New Austinberg
ba8002eb-4723-4ba5-be7a-b47ed63d7e74,Stephen,Mills,7/18/46,78,Male,(914) 702-8457,renee34@smith.com,Port Rachael
37da991c-e299-492c-9c87-5c643d463d87,Madison,Whitney,12/28/87,37,Female,(442) 665-4596,ronaldsmith@curtis-rowe.biz,New Cynthiafort
4df78f1e-7053-4197-b365-11733c8842f7,Deborah,Estes,2/9/63,61,Male,(731) 609-5783,joycenguyen@hotmail.com,Susanmouth
669381d8-61f8-42c3-803a-6a6b6b9968e0,Michael,Clark,5/19/59,65,Male,(432) 286-6656,mark08@gmail.com,Freemanport
95332044-1a06-4748-8684-8540efb46904,Brittany,Black,12/1/16,8,Male,(589) 403-7722,cynthiastout@cunningham.com,Daisychester
3a8401db-6415-4199-9b3c-e77781039fdf,Melissa,Ibarra,7/9/09,15,Other,(390) 737-3945,sweber@hopkins.com,Lauriemouth
5a341129-0827-4d75-ab24-cd48e5eeea17,Michael,Parker,6/6/68,56,Other,(277) 863-9678,uhawkins@allen.com,Port Susan
3389eba9-23d1-4c8d-85c6-08432f51a8bf,Seth,Klein,8/31/54,70,Other,(379) 245-5123,navarrojoel@yahoo.com,Mendozamouth
cc089f49-8446-4b2e-8a65-41353dca7902,Patricia,Tucker,8/9/32,92,Male,(351) 390-7484,vanessagarner@gmail.com,North Mary
e4c00828-7332-4d57-9fd2-26a33a3e2cc4,Michael,Leach,1/19/38,87,Other,(844) 377-9447,prodriguez@mcguire.biz,New Margaretmouth
4b93ed52-fe3f-456f-ac77-74b68dc1ba25,Kara,Levy,5/24/32,92,Male,(760) 233-6563,ashleewilson@brown.com,Kimberlyberg
452866cc-c5b4-42d7-b683-b8e278eccbfd,Donna,Gardner,9/22/92,32,Female,(190) 883-5420,marissa83@chapman.info,Port Charlesmouth
0959ef43-ca0a-454a-88d9-2092f63d512f,Jessica,Park,3/23/79,45,Male,(468) 450-5337,jennifernash@mcguire-lee.com,Katherineside
f598d92e-bc0d-477a-ab5d-be16c69c67a5,Tyler,Buchanan,7/20/96,28,Male,(861) 787-6916,parsonskelly@yahoo.com,Rodriguezfurt
2b961cdc-314e-4559-a0ec-aaa493cdd3d5,Shane,Thomas,8/13/01,23,Other,(124) 714-5113,joseph22@smith.com,Port Dwayne
c30a9778-b234-4a35-bb23-090530c3019c,Laura,Wyatt,7/28/53,71,Other,(507) 482-6837,inash@rogers-houston.info,Lake Sandraberg
a59afb77-8213-4317-ad38-4de13248ca66,Mackenzie,Jenkins,3/10/69,55,Female,(967) 444-5732,christopherhubbard@gmail.com,Paynehaven
20dd5ac3-22ee-4f3b-9756-821be6a24118,Megan,Guzman,1/18/83,42,Male,(909) 745-3755,ashleymartin@gmail.com,East Kelly
a9576eb3-edb4-44a2-a7a9-78f9c277cec6,Amy,Coleman,4/18/87,37,Other,(260) 344-1274,carriegomez@miller.net,Rivasborough
6f3bf2fa-63b2-4285-b48b-f8bf91a3dd30,Jennifer,Benson,11/25/71,53,Other,(844) 800-4918,ashley62@gmail.com,South Rebeccachester
30cee115-b8e5-46cc-834c-550823ca96b8,Regina,Underwood,9/14/92,32,Other,(227) 565-1748,ugraham@brown.com,Millerfurt
65315412-3f04-40b2-8d3b-f67712e3d754,Eric,Jones,6/9/17,7,Other,(853) 557-9917,ovasquez@diaz.info,Gibsonburgh
1a1bda39-2d6f-49c0-a05b-454a8abb4abc,Shannon,Bryant,8/18/81,43,Other,(456) 386-2321,jacquelinemorgan@hernandez.info,North Jeff
2420542c-762b-431f-b118-e3b67afb53e6,Sarah,Sellers,7/11/97,27,Male,(962) 884-2600,howellkimberly@wallace.com,Smithton
5b23b8fd-ac61-4582-970f-32546fa7aa59,Dawn,Murphy,9/15/47,77,Male,(339) 533-5334,alanholland@smith-macias.com,East Amber
b94c1333-4bc4-4d42-9005-54c8360151df,Erin,Newton,10/15/17,7,Other,(690) 474-7139,pughtina@gmail.com,Lake William
675cab70-c8e7-4ac2-aae8-975e98c7a560,Donald,Morales,8/20/38,86,Male,(590) 853-6001,vincentrice@wheeler.com,Kevinmouth
866e2be2-eb6b-4c66-841f-77c96cb681dd,Nicholas,Ho,5/13/67,57,Male,(889) 448-4607,kathrynclark@benjamin.com,North Jeffreystad
32f6e96f-60cc-4f4a-b98d-825c678f316a,Michael,Davis,1/27/22,2,Other,(705) 256-3093,jenniferramirez@porter.com,Lake Jim
4911b775-8ba5-4081-98b0-a664c3b561b6,Dana,Hensley,10/9/29,95,Other,(200) 350-8917,jo24@gmail.com,Martinhaven
22ae97bc-09f3-4477-8963-823a80162ce7,Tony,Thomas,6/7/20,4,Female,(163) 502-7599,kevinmathews@pittman.org,Mannmouth
d55e06be-c21c-4b90-83a1-889d62cb0ada,David,Clements,3/3/91,33,Female,(587) 457-5765,jeanette79@yahoo.com,Vancestad
4ff10127-da89-4c83-96c3-db5a33fefc26,Cassandra,Gutierrez,10/12/09,15,Female,(311) 668-6573,wheelerdennis@murphy-avila.info,Christophershire
0f4c20db-a99d-46ca-8196-74206bf154ac,Sarah,Humphrey,3/11/74,50,Male,(322) 746-4200,qpayne@yahoo.com,South Johnmouth
ef7056c3-e3df-488e-8ca1-4e65972f83a9,Anthony,Williams,10/12/85,39,Female,(785) 698-3861,alisha66@harrison-robertson.com,Mccormickhaven
aa5505a0-952a-4341-852c-ec1d6d2bf58d,Stephen,Nelson,9/24/24,0,Male,(758) 967-1391,vargasderek@gmail.com,East Christinaland
d3a3b80c-ad78-4ad3-990c-61deb49bb96c,Linda,Duran,4/16/49,75,Female,(478) 240-6749,esavage@king.com,Loweport
942288d3-359c-48e0-8641-cb8a3271fe52,Justin,Mack,10/13/67,57,Male,(640) 729-2463,rodneycrawford@jackson-sanchez.com,Kevinburgh
f47a420f-67b5-4900-aa49-afb0f07c09ff,Tony,Powell,8/9/72,52,Male,(733) 757-9576,mendezmiranda@cooper.info,Markville
6a93e79f-933c-4a2a-8380-fb600a61222f,Wendy,Contreras,4/10/78,46,Female,(736) 308-1424,brittanybrown@yahoo.com,South Amanda
11b6b777-d9b5-476e-bfba-9954510b2af0,Michael,Cordova,4/8/61,63,Other,(452) 556-5019,petermcbride@hotmail.com,Stephenchester
1d3aa667-0679-41a1-bf79-658258676ecd,Jennifer,Hardy,9/6/79,45,Female,(708) 199-6700,stephaniewells@valdez.net,New Josephville
f53676c7-a94d-4d63-8949-43843e0b425d,Zachary,Edwards,9/11/37,87,Other,(496) 698-7645,qlucas@hotmail.com,Clineside
ac7df5b7-f42d-4b6b-a964-c96ad1f7a81b,Juan,Howard,10/5/06,18,Other,(447) 345-3174,marypatel@welch-jacobs.biz,Jasminestad
ab6a33b2-ce1f-4f3a-a8cd-0771126579c1,Sean,Cole,11/18/06,18,Other,(878) 649-3800,travischad@watson.biz,Bakerton
bc2a9efe-c177-458d-87c7-56c6edb491da,Crystal,Olson,8/27/08,16,Male,(641) 963-8617,mkirby@rivas.com,West Dana
5c99fa28-80a3-41bb-a717-9df2e2bcf33a,Brian,Clark,10/1/67,57,Male,(258) 344-9854,scottunderwood@hotmail.com,South Jennifer
92c2991b-7d26-41d0-9922-30b8d555b011,Meghan,Mason,6/28/25,99,Other,(869) 944-4797,utaylor@gmail.com,Valenciastad
98a5dc37-15e2-432b-984b-d27f0857f60b,James,Zhang,12/30/68,56,Other,(823) 525-2196,shawkaitlin@montgomery.org,Davisborough
4800c8db-b3a1-4616-969d-ff2a65f1d9a6,Alex,Quinn,7/10/03,21,Other,(878) 554-6605,melissa61@hotmail.com,East Travis
c1292aa8-9d66-4633-888a-3c2ef0ad159a,Theresa,Lee,5/14/74,50,Female,(691) 249-8387,bensoncaleb@walsh.info,South Taramouth
6e0bd20d-9f6e-4d83-a9b8-cbc49cceaef7,Stephanie,Nelson,11/15/79,45,Female,(161) 417-4840,jared94@gmail.com,Port Brandon
f3f5f3d4-e922-4073-a166-38a4e967db49,Sydney,Hayes,10/20/17,7,Female,(655) 839-5676,smithwilliam@sellers-johnson.com,Leeburgh
e04c06b9-ba0b-41ff-81e5-dcc26289dcb5,Erik,Fletcher,1/8/93,32,Female,(346) 221-7852,bakerjoseph@johnson.com,Westville
0ec06b8b-dac6-42e3-aeef-fa64c13e10b2,Ronald,Anderson,7/26/71,53,Male,(433) 122-8681,michael19@hotmail.com,West Ashley
7abc52aa-8ec6-4f65-a723-fbb7fd47c061,Wendy,Lindsey,6/4/64,60,Female,(940) 754-3051,markwiley@yahoo.com,South Crystalmouth
cae7e0d1-a209-4c81-9a8a-04f863692119,Kathleen,Taylor,9/20/12,12,Other,(561) 696-2810,thomasmichael@yahoo.com,North Paul
7285b5bf-7474-471f-a6ed-5d487fda879e,Elizabeth,Hughes,1/27/98,26,Other,(866) 789-9061,urodriguez@hotmail.com,Natashaside
5cef8742-6bba-4bbc-91b3-f6562c0002ab,Robert,Adkins,7/24/82,42,Male,(165) 169-5118,pamela23@hess.info,Kathleenchester
a7490e6e-71e5-4ff6-aff7-0e6ec2ca677d,Rita,Vega,2/28/10,14,Other,(421) 103-6995,qjackson@yahoo.com,New Tylerberg